Title,Price,Rating,Image URL,Product URL,Ad/Organic,Page
"Acer Smartchoice Aspire One, AMD Ryzen 3-7320U, 8GB LPDDR5 RAM/ 256GB SSD, 14.0""/35.56cm TN HD Display, Win 11 Home, Pure Silver, 1.48KG, A114-43, Thin and Light Laptop",₹39990,5.0 out of 5 stars,https://m.media-amazon.com/images/I/71ouu-iX3pL._AC_UY218_.jpg,https://www.amazon.in/Acer-Smartchoice-3-7320U-35-56cm-A114-43/dp/B0GYRK1RZC/ref=sr_1_1?dib=eyJ2IjoiMSJ9.wPz7DuCTFdkPzZWP4VvEMPU7Odtm8KKK3SAR69uRy8k289X7sClHRNWRXOO_O9Y19Eoih9HcxplTXrRx64D2nUZ5ipHcPSesIK39vekfSibeapai_fjdQdNT8jXyz03a7mOeDKR9aq-fxLZag-Yak9Pb9rJzWEjbGelMWm0mCCJiQ-VABPyjrWMdBj8XRqa0N-X8eqgocH6ox_9QN3BOLKTzd_F8KKaZrqL12ofp9UY.DE-aaealws95coP7rhIL6UyyCU_1ARV77PXLJain7G0&dib_tag=se&keywords=laptops&qid=1780645040&sr=8-1,Organic,1
"Dell 15 (Previously Inspiron) Laptop, 14th Gen Intel Core i3/Core 3 100U Processor, 8GB DDR4, 512 SSD, 15.6"" FHD 120Hz IPS 250 nit Display, Win 11 + Office H&S 2024, Carbon Black, Thin & Light 1.63Kg",₹44990,4.1 out of 5 stars,https://m.media-amazon.com/images/I/717WZ7WriwL._AC_UY218_.jpg,https://www.amazon.in/Dell-Previously-Inspiron-Processor-Display/dp/B0BQJ68HHC/ref=sr_1_2?dib=eyJ2IjoiMSJ9.wPz7DuCTFdkPzZWP4VvEMPU7Odtm8KKK3SAR69uRy8k289X7sClHRNWRXOO_O9Y19Eoih9HcxplTXrRx64D2nUZ5ipHcPSesIK39vekfSibeapai_fjdQdNT8jXyz03a7mOeDKR9aq-fxLZag-Yak9Pb9rJzWEjbGelMWm0mCCJiQ-VABPyjrWMdBj8XRqa0N-X8eqgocH6ox_9QN3BOLKTzd_F8KKaZrqL12ofp9UY.DE-aaealws95coP7rhIL6UyyCU_1ARV77PXLJain7G0&dib_tag=se&keywords=laptops&qid=1780645040&sr=8-2,Organic,1
"ASUS Vivobook 16,Smartchoice, 13th Gen, Intel Core i5-13420H,16GB RAM,512GB SSD,FHD, OLED,Win 11,M365 Basic (1Y),Backlit Keyboard,Office 2024,Silver,1.88 kg,X1605VA-SH1952WS, Thin & Light Laptop",₹62990,4.2 out of 5 stars,https://m.media-amazon.com/images/I/71aaW7HXKnL._AC_UY218_.jpg,https://www.amazon.in/ASUS-Vivobook-i5-13420H-Keyboard-X1605VA-SH1952WS/dp/B0FN9WN6XD/ref=sr_1_3?dib=eyJ2IjoiMSJ9.wPz7DuCTFdkPzZWP4VvEMPU7Odtm8KKK3SAR69uRy8k289X7sClHRNWRXOO_O9Y19Eoih9HcxplTXrRx64D2nUZ5ipHcPSesIK39vekfSibeapai_fjdQdNT8jXyz03a7mOeDKR9aq-fxLZag-Yak9Pb9rJzWEjbGelMWm0mCCJiQ-VABPyjrWMdBj8XRqa0N-X8eqgocH6ox_9QN3BOLKTzd_F8KKaZrqL12ofp9UY.DE-aaealws95coP7rhIL6UyyCU_1ARV77PXLJain7G0&dib_tag=se&keywords=laptops&qid=1780645040&sr=8-3,Organic,1
"ASUS Vivobook 15, Smartchoice, AMD Ryzen 7 5825U, 16GB RAM, 512GB SSD, FHD 15.6"", Windows 11, Office Home 2024, Quiet Blue, 1.7Kg, M1502YA-BQ703WS, AMD Radeon iGPU, M365 Basic (1Year)*, 42Whr Laptop",₹54990,4.0 out of 5 stars,https://m.media-amazon.com/images/I/71zMooVIVAL._AC_UY218_.jpg,https://www.amazon.in/ASUS-Vivobook-Smartchoice-Windows-M1502YA-BQ703WS/dp/B0FC2LKFSC/ref=sr_1_4?dib=eyJ2IjoiMSJ9.wPz7DuCTFdkPzZWP4VvEMPU7Odtm8KKK3SAR69uRy8k289X7sClHRNWRXOO_O9Y19Eoih9HcxplTXrRx64D2nUZ5ipHcPSesIK39vekfSibeapai_fjdQdNT8jXyz03a7mOeDKR9aq-fxLZag-Yak9Pb9rJzWEjbGelMWm0mCCJiQ-VABPyjrWMdBj8XRqa0N-X8eqgocH6ox_9QN3BOLKTzd_F8KKaZrqL12ofp9UY.DE-aaealws95coP7rhIL6UyyCU_1ARV77PXLJain7G0&dib_tag=se&keywords=laptops&qid=1780645040&sr=8-4,Organic,1
"HP 15, 13th Gen Intel Core i3-1315U Laptop (8GB DDR4,512GB SSD) Anti-Glare, Micro-Edge,15.6''/39.6cm, FHD, Win11,M365 Basic(1yr),Office Home24, Silver,1.59kg, FHD Camera w/Privacy Shutter, fd0569TU",₹50040,4.2 out of 5 stars,https://m.media-amazon.com/images/I/61R5Ecv7i-L._AC_UY218_.jpg,https://www.amazon.in/HP-i3-1315U-Anti-Glare-Micro-Edge-fd0569TU/dp/B0F4R5W1NC/ref=sr_1_5?dib=eyJ2IjoiMSJ9.wPz7DuCTFdkPzZWP4VvEMPU7Odtm8KKK3SAR69uRy8k289X7sClHRNWRXOO_O9Y19Eoih9HcxplTXrRx64D2nUZ5ipHcPSesIK39vekfSibeapai_fjdQdNT8jXyz03a7mOeDKR9aq-fxLZag-Yak9Pb9rJzWEjbGelMWm0mCCJiQ-VABPyjrWMdBj8XRqa0N-X8eqgocH6ox_9QN3BOLKTzd_F8KKaZrqL12ofp9UY.DE-aaealws95coP7rhIL6UyyCU_1ARV77PXLJain7G0&dib_tag=se&keywords=laptops&qid=1780645040&sr=8-5,Organic,1
"Lenovo V15 G4 AMD Athlon Silver 7120U Laptop 8GB LPDDR5 Ram, 512 GB SSD PCIe, Windows 11 Lifetime Validity,15.6"" FHD Screen, AMD Radeon 610M, Silver, 1 Year Brand Warranty",₹42999,4.0 out of 5 stars,https://m.media-amazon.com/images/I/61AccNkmFFL._AC_UY218_.jpg,https://www.amazon.in/Lenovo-V15-Lifetime-Validity-Warranty/dp/B0CL7CMTXS/ref=sr_1_6?dib=eyJ2IjoiMSJ9.wPz7DuCTFdkPzZWP4VvEMPU7Odtm8KKK3SAR69uRy8k289X7sClHRNWRXOO_O9Y19Eoih9HcxplTXrRx64D2nUZ5ipHcPSesIK39vekfSibeapai_fjdQdNT8jXyz03a7mOeDKR9aq-fxLZag-Yak9Pb9rJzWEjbGelMWm0mCCJiQ-VABPyjrWMdBj8XRqa0N-X8eqgocH6ox_9QN3BOLKTzd_F8KKaZrqL12ofp9UY.DE-aaealws95coP7rhIL6UyyCU_1ARV77PXLJain7G0&dib_tag=se&keywords=laptops&qid=1780645040&sr=8-6,Organic,1
"ASUS TUF A15 (2025), AMD Ryzen 7 7445HS,RTX 3050-4GB,75W TGP,16GB DDR5(Upgradeable Upto 64GB) 512GB SSD,FHD,15.6"",144Hz,RGB Keyboard,Windows 11,Graphite Black,2.3 Kg FA506NCG-HN199W, Gaming Laptop",₹68990,4.2 out of 5 stars,https://m.media-amazon.com/images/I/71K4CpdfmHL._AC_UY218_.jpg,https://www.amazon.in/ASUS-Upgradeable-Keyboard-Graphite-FA506NCG-HN199W/dp/B0FM3C4L2F/ref=sr_1_7?dib=eyJ2IjoiMSJ9.wPz7DuCTFdkPzZWP4VvEMPU7Odtm8KKK3SAR69uRy8k289X7sClHRNWRXOO_O9Y19Eoih9HcxplTXrRx64D2nUZ5ipHcPSesIK39vekfSibeapai_fjdQdNT8jXyz03a7mOeDKR9aq-fxLZag-Yak9Pb9rJzWEjbGelMWm0mCCJiQ-VABPyjrWMdBj8XRqa0N-X8eqgocH6ox_9QN3BOLKTzd_F8KKaZrqL12ofp9UY.DE-aaealws95coP7rhIL6UyyCU_1ARV77PXLJain7G0&dib_tag=se&keywords=laptops&qid=1780645040&sr=8-7,Organic,1
"HP 15, AMD Ryzen 5 7520U,(16GB LPDDR5, 512GB SSD), Anti-Glare, Micro-Edge, FHD, 15.6''/39.6cm, Win 11, Office 24,M365 Basic(1yr)*,Silver, 1.59kg, fc0690au, FHD Camera, Backlit KB Laptop",₹54990,4.0 out of 5 stars,https://m.media-amazon.com/images/I/71qeL9SvpeL._AC_UY218_.jpg,https://www.amazon.in/HP-Anti-Glare-Micro-Edge-fc0690au-Graphics/dp/B0CY2PLQ8N/ref=sr_1_8?dib=eyJ2IjoiMSJ9.wPz7DuCTFdkPzZWP4VvEMPU7Odtm8KKK3SAR69uRy8k289X7sClHRNWRXOO_O9Y19Eoih9HcxplTXrRx64D2nUZ5ipHcPSesIK39vekfSibeapai_fjdQdNT8jXyz03a7mOeDKR9aq-fxLZag-Yak9Pb9rJzWEjbGelMWm0mCCJiQ-VABPyjrWMdBj8XRqa0N-X8eqgocH6ox_9QN3BOLKTzd_F8KKaZrqL12ofp9UY.DE-aaealws95coP7rhIL6UyyCU_1ARV77PXLJain7G0&dib_tag=se&keywords=laptops&qid=1780645040&sr=8-8,Organic,1
"Lenovo IdeaPad 1 AMD Ryzen 5 5500U 15.6"" HD Thin and Light Laptop (8GB RAM/512GB SSD/Windows 11 Home/Office Home 2024/1 Year ADP Free/Grey/1.6Kg), 82R4011MIN",₹49950,4.1 out of 5 stars,https://m.media-amazon.com/images/I/71xHNSCyRsL._AC_UY218_.jpg,https://www.amazon.in/Lenovo-MSOffice-82R400BRIN-Integrated-Graphics/dp/B09MM58Y7Q/ref=sr_1_9?dib=eyJ2IjoiMSJ9.wPz7DuCTFdkPzZWP4VvEMPU7Odtm8KKK3SAR69uRy8k289X7sClHRNWRXOO_O9Y19Eoih9HcxplTXrRx64D2nUZ5ipHcPSesIK39vekfSibeapai_fjdQdNT8jXyz03a7mOeDKR9aq-fxLZag-Yak9Pb9rJzWEjbGelMWm0mCCJiQ-VABPyjrWMdBj8XRqa0N-X8eqgocH6ox_9QN3BOLKTzd_F8KKaZrqL12ofp9UY.DE-aaealws95coP7rhIL6UyyCU_1ARV77PXLJain7G0&dib_tag=se&keywords=laptops&qid=1780645040&sr=8-9,Organic,1
"Acer Smartchoice Aspire One, Intel Core Celeron N4500, Office 2024 + M365 Basic, 12GB LPDDR4X / 512GB SSD, 14.0""/35.56cm TN HD Display, Win 11 Home, Pure Silver, 1.3KG, A114-45, Thin and Light Laptop",₹38990,3.3 out of 5 stars,https://m.media-amazon.com/images/I/71uoRYyilhL._AC_UY218_.jpg,https://www.amazon.in/Acer-Smartchoice-Celeron-LPDDR4X-A114-45/dp/B0GW8JNM6J/ref=sr_1_10?dib=eyJ2IjoiMSJ9.wPz7DuCTFdkPzZWP4VvEMPU7Odtm8KKK3SAR69uRy8k289X7sClHRNWRXOO_O9Y19Eoih9HcxplTXrRx64D2nUZ5ipHcPSesIK39vekfSibeapai_fjdQdNT8jXyz03a7mOeDKR9aq-fxLZag-Yak9Pb9rJzWEjbGelMWm0mCCJiQ-VABPyjrWMdBj8XRqa0N-X8eqgocH6ox_9QN3BOLKTzd_F8KKaZrqL12ofp9UY.DE-aaealws95coP7rhIL6UyyCU_1ARV77PXLJain7G0&dib_tag=se&keywords=laptops&qid=1780645040&sr=8-10,Organic,1
"HP 15, AMD Ryzen 3 7320U (8GB LPDDR5, 512GB SSD) FHD, Anti-Glare, Micro-Edge, 15.6""/39.6cm, Win 11, Office 21, Silver, 1.59kg, fc0154AU, AMD Radeon Graphics, 1080p FHD Camera Laptop",₹45990,4.0 out of 5 stars,https://m.media-amazon.com/images/I/61SHFVKs+AL._AC_UY218_.jpg,https://www.amazon.in/HP-Laptop-15-6-inch-Graphics-fc0154AU/dp/B0D3HG5CMG/ref=sr_1_11?dib=eyJ2IjoiMSJ9.wPz7DuCTFdkPzZWP4VvEMPU7Odtm8KKK3SAR69uRy8k289X7sClHRNWRXOO_O9Y19Eoih9HcxplTXrRx64D2nUZ5ipHcPSesIK39vekfSibeapai_fjdQdNT8jXyz03a7mOeDKR9aq-fxLZag-Yak9Pb9rJzWEjbGelMWm0mCCJiQ-VABPyjrWMdBj8XRqa0N-X8eqgocH6ox_9QN3BOLKTzd_F8KKaZrqL12ofp9UY.DE-aaealws95coP7rhIL6UyyCU_1ARV77PXLJain7G0&dib_tag=se&keywords=laptops&qid=1780645040&sr=8-11,Organic,1
"Dell 15 Smart Choice (Previously Inspiron), 13th Gen Intel Core i5-1334U (16GB RAM, 1TB SSD) FHD, 15.6""/39.62cm, Windows 11 MSO'24, Silver, 1.62kg, 12 Month McAfee, Backlit KB, Thin & Light Laptop",₹66990,3.8 out of 5 stars,https://m.media-amazon.com/images/I/718X9G8SM0L._AC_UY218_.jpg,https://www.amazon.in/Dell-Generation-i5-1334U-Processor-Keyboard/dp/B0DSFQZTVW/ref=sr_1_12?dib=eyJ2IjoiMSJ9.wPz7DuCTFdkPzZWP4VvEMPU7Odtm8KKK3SAR69uRy8k289X7sClHRNWRXOO_O9Y19Eoih9HcxplTXrRx64D2nUZ5ipHcPSesIK39vekfSibeapai_fjdQdNT8jXyz03a7mOeDKR9aq-fxLZag-Yak9Pb9rJzWEjbGelMWm0mCCJiQ-VABPyjrWMdBj8XRqa0N-X8eqgocH6ox_9QN3BOLKTzd_F8KKaZrqL12ofp9UY.DE-aaealws95coP7rhIL6UyyCU_1ARV77PXLJain7G0&dib_tag=se&keywords=laptops&qid=1780645040&sr=8-12,Organic,1
"HP 15 (2026), AMD Ryzen 3 Quad Core 7335U - (8 GB DDR5/512 GB SSD/AMD Radeon 660M Graphics/Windows 11 Home) Thin and Light Business Laptop/15.6"" Display/Turbo Silver/Copilot Key/1.5kg/MS Office",₹43640,N/A,https://m.media-amazon.com/images/I/71vF+WK+vrL._AC_UY218_.jpg,https://www.amazon.in/HP-15-Ryzen-Quad-7335U/dp/B0GY75ZCZS/ref=sr_1_13?dib=eyJ2IjoiMSJ9.wPz7DuCTFdkPzZWP4VvEMPU7Odtm8KKK3SAR69uRy8k289X7sClHRNWRXOO_O9Y19Eoih9HcxplTXrRx64D2nUZ5ipHcPSesIK39vekfSibeapai_fjdQdNT8jXyz03a7mOeDKR9aq-fxLZag-Yak9Pb9rJzWEjbGelMWm0mCCJiQ-VABPyjrWMdBj8XRqa0N-X8eqgocH6ox_9QN3BOLKTzd_F8KKaZrqL12ofp9UY.DE-aaealws95coP7rhIL6UyyCU_1ARV77PXLJain7G0&dib_tag=se&keywords=laptops&qid=1780645040&sr=8-13,Organic,1
"𝗗𝗲𝗹𝗹Laptop Model 5420 | 𝗜𝗡𝗧𝗘𝗟i5 11th Gen Processor |8GB DDR4 RAM |256GB SSD |14"" FHD Display | Win10 | A+ Condition Laptop (Refab)",₹32490,5.0 out of 5 stars,https://m.media-amazon.com/images/I/51LHNjAjH9L._AC_UY218_.jpg,https://www.amazon.in/%F0%9D%97%97%F0%9D%97%B2%F0%9D%97%B9%F0%9D%97%B9Laptop-5420-%F0%9D%97%9C%F0%9D%97%A1%F0%9D%97%A7%F0%9D%97%98%F0%9D%97%9Fi5-Processor-Condition/dp/B0H1JV266J/ref=sr_1_14?dib=eyJ2IjoiMSJ9.wPz7DuCTFdkPzZWP4VvEMPU7Odtm8KKK3SAR69uRy8k289X7sClHRNWRXOO_O9Y19Eoih9HcxplTXrRx64D2nUZ5ipHcPSesIK39vekfSibeapai_fjdQdNT8jXyz03a7mOeDKR9aq-fxLZag-Yak9Pb9rJzWEjbGelMWm0mCCJiQ-VABPyjrWMdBj8XRqa0N-X8eqgocH6ox_9QN3BOLKTzd_F8KKaZrqL12ofp9UY.DE-aaealws95coP7rhIL6UyyCU_1ARV77PXLJain7G0&dib_tag=se&keywords=laptops&qid=1780645040&sr=8-14,Organic,1
"Lenovo V15 G4 AMD Ryzen 5 7520U 15.6 inch FHD Laptop, AMD Graphics, 16GB DDR5 5500Mhz Ram, 512GB SSD NVMe, Windows 11, Dolby Audio, Arctic Grey, 1 Year Onsite Brand Warranty",₹54790,4.0 out of 5 stars,https://m.media-amazon.com/images/I/71aup0IO2ZL._AC_UY218_.jpg,https://www.amazon.in/Lenovo-Graphics-5500Mhz-Windows-Warranty/dp/B0F29HNJL1/ref=sr_1_15?dib=eyJ2IjoiMSJ9.wPz7DuCTFdkPzZWP4VvEMPU7Odtm8KKK3SAR69uRy8k289X7sClHRNWRXOO_O9Y19Eoih9HcxplTXrRx64D2nUZ5ipHcPSesIK39vekfSibeapai_fjdQdNT8jXyz03a7mOeDKR9aq-fxLZag-Yak9Pb9rJzWEjbGelMWm0mCCJiQ-VABPyjrWMdBj8XRqa0N-X8eqgocH6ox_9QN3BOLKTzd_F8KKaZrqL12ofp9UY.DE-aaealws95coP7rhIL6UyyCU_1ARV77PXLJain7G0&dib_tag=se&keywords=laptops&qid=1780645040&sr=8-15,Organic,1
"Apple 2026 MacBook Neo 13″ Laptop with A18 Pro chip: Built for AI and Apple Intelligence, Liquid Retina Display, 8GB Unified Memory, 256GB SSD Storage, 1080p FaceTime HD Camera; Blush",₹64990,4.8 out of 5 stars,https://m.media-amazon.com/images/I/61dLund7bhL._AC_UY218_.jpg,https://www.amazon.in/Apple-2026-MacBook-Laptop-chip/dp/B0GR6HXPB9/ref=sr_1_16?dib=eyJ2IjoiMSJ9.wPz7DuCTFdkPzZWP4VvEMPU7Odtm8KKK3SAR69uRy8k289X7sClHRNWRXOO_O9Y19Eoih9HcxplTXrRx64D2nUZ5ipHcPSesIK39vekfSibeapai_fjdQdNT8jXyz03a7mOeDKR9aq-fxLZag-Yak9Pb9rJzWEjbGelMWm0mCCJiQ-VABPyjrWMdBj8XRqa0N-X8eqgocH6ox_9QN3BOLKTzd_F8KKaZrqL12ofp9UY.DE-aaealws95coP7rhIL6UyyCU_1ARV77PXLJain7G0&dib_tag=se&keywords=laptops&qid=1780645040&sr=8-16,Organic,1
"Lenovo IdeaPad Slim 3 12th Gen Intel Core i5-12450H 15.6 Inch (39.6cm) FHD Thin & Light Laptop (16GB/512GB SSD/Windows 11/Office Home 2024/3months Game Pass/Arctic Grey/1.62Kg), 83ER00MCIN",₹61890,4.5 out of 5 stars,https://m.media-amazon.com/images/I/61kNhhiAxSL._AC_UY218_.jpg,https://www.amazon.in/Lenovo-IdeaPad-i5-12450H-Windows-83ER00MCIN/dp/B0FJF95B56/ref=sr_1_17?dib=eyJ2IjoiMSJ9.NpVVCmZ5m7ahqIg4h5xYDFVgNeeq0hJehXY-d-iAzLw2KhHaHJseM61d70xSc6viLWxrPPe-FWWWPqlr-wqKoMQJflBr3KFWqKSmvL7XC2-z-PE60UZG5A6rNKECed2oLrFdoeRd159lw-O4y0jLG98UifD9ssKvdrx-tPXRYYpBqp9_QDddytn68bMBaAfA2A4GFUsW9V9V1aLu4ds9I8XMfnYalz99eakYHaljAOk.ENbYu0mEk0m8-2Dtx34yNtrj6l70ZEeanVp_XuOod00&dib_tag=se&keywords=laptops&qid=1780645046,Organic,2
"HP Smartchoice Omnibook 5 OLED (Previously Pavilion), Snapdragon X Processor (16GB LPDDR5x,1TB SSD) 2K OLED,16''/40.6cm, Win11, M365(1yr)*Office24, Glacier Silver, 1.59kg, fb0001QU,Next-Gen AI Laptop",₹67889,4.2 out of 5 stars,https://m.media-amazon.com/images/I/71IdAMTOjZL._AC_UY218_.jpg,https://www.amazon.in/HP-Previously-Snapdragon-Processor-fb0001QU/dp/B0FRM3G9JF/ref=sr_1_18?dib=eyJ2IjoiMSJ9.NpVVCmZ5m7ahqIg4h5xYDFVgNeeq0hJehXY-d-iAzLw2KhHaHJseM61d70xSc6viLWxrPPe-FWWWPqlr-wqKoMQJflBr3KFWqKSmvL7XC2-z-PE60UZG5A6rNKECed2oLrFdoeRd159lw-O4y0jLG98UifD9ssKvdrx-tPXRYYpBqp9_QDddytn68bMBaAfA2A4GFUsW9V9V1aLu4ds9I8XMfnYalz99eakYHaljAOk.ENbYu0mEk0m8-2Dtx34yNtrj6l70ZEeanVp_XuOod00&dib_tag=se&keywords=laptops&qid=1780645046,Organic,2
"ASUS Chromebook CX1405 (2026), Smartchoice,Intel N50 Processor, Intel UHD iGPU, 8GB RAM, 128GB SSD, FHD, 14"" (35.5 cm), Chrome OS, Pure Grey, 1.39 Kg, CX1405CTA-S60622, 42WHrs, Thin & Light Laptop",₹30990,2.7 out of 5 stars,https://m.media-amazon.com/images/I/616Jpqwdp3L._AC_UY218_.jpg,https://www.amazon.in/ASUS-Chromebook-Smartchoice-Processor-CX1405CTA-S60622/dp/B0GN2Y3T6M/ref=sr_1_19?dib=eyJ2IjoiMSJ9.NpVVCmZ5m7ahqIg4h5xYDFVgNeeq0hJehXY-d-iAzLw2KhHaHJseM61d70xSc6viLWxrPPe-FWWWPqlr-wqKoMQJflBr3KFWqKSmvL7XC2-z-PE60UZG5A6rNKECed2oLrFdoeRd159lw-O4y0jLG98UifD9ssKvdrx-tPXRYYpBqp9_QDddytn68bMBaAfA2A4GFUsW9V9V1aLu4ds9I8XMfnYalz99eakYHaljAOk.ENbYu0mEk0m8-2Dtx34yNtrj6l70ZEeanVp_XuOod00&dib_tag=se&keywords=laptops&qid=1780645046,Organic,2
"HP Laptop 15 Intel Core i3 13th Gen (8GB|512 GB SSD)/Window 11 Home 15-FD0533TU Laptop (15.6 inch,Natural Silver,1.59 kg, with MS Office",₹47490,5.0 out of 5 stars,https://m.media-amazon.com/images/I/51wbekXOKuL._AC_UY218_.jpg,https://www.amazon.in/HP-Laptop-Window-15-FD0533TU-Natural/dp/B0GR9Q34RL/ref=sr_1_20?dib=eyJ2IjoiMSJ9.NpVVCmZ5m7ahqIg4h5xYDFVgNeeq0hJehXY-d-iAzLw2KhHaHJseM61d70xSc6viLWxrPPe-FWWWPqlr-wqKoMQJflBr3KFWqKSmvL7XC2-z-PE60UZG5A6rNKECed2oLrFdoeRd159lw-O4y0jLG98UifD9ssKvdrx-tPXRYYpBqp9_QDddytn68bMBaAfA2A4GFUsW9V9V1aLu4ds9I8XMfnYalz99eakYHaljAOk.ENbYu0mEk0m8-2Dtx34yNtrj6l70ZEeanVp_XuOod00&dib_tag=se&keywords=laptops&qid=1780645046,Organic,2
"Acer Aspire 3 Laptop Intel Core Celeron N4500 Processor Laptop (8 GB LPDDR4X SDRAM/256 GB SSD/Win11 Home/38 WHR/HD Webcam) A325-45 with 39.63 cm (15.6"") HD Display, Pure Silver, 1.5 KG",₹36990,3.6 out of 5 stars,https://m.media-amazon.com/images/I/41bdNUDc8pL._AC_UY218_.jpg,https://www.amazon.in/Acer-Celeron-Processor-LPDDR4X-A325-45/dp/B0D7PTFFZH/ref=sr_1_21?dib=eyJ2IjoiMSJ9.NpVVCmZ5m7ahqIg4h5xYDFVgNeeq0hJehXY-d-iAzLw2KhHaHJseM61d70xSc6viLWxrPPe-FWWWPqlr-wqKoMQJflBr3KFWqKSmvL7XC2-z-PE60UZG5A6rNKECed2oLrFdoeRd159lw-O4y0jLG98UifD9ssKvdrx-tPXRYYpBqp9_QDddytn68bMBaAfA2A4GFUsW9V9V1aLu4ds9I8XMfnYalz99eakYHaljAOk.ENbYu0mEk0m8-2Dtx34yNtrj6l70ZEeanVp_XuOod00&dib_tag=se&keywords=laptops&qid=1780645046,Organic,2
"HP Victus, AMD Ryzen 7 7445HS, 4GB RTX 2050, 16GB DDR5(Upgradable) 512GB SSD, FHD, 144Hz, 300 nits, IPS, 15.6''/39.6cm, Win11, M365* Office24, Mica Silver, 2.29kg, fb3123AX, Backlit, Gaming Laptop",₹68500,4.2 out of 5 stars,https://m.media-amazon.com/images/I/71qIJPTTD3L._AC_UY218_.jpg,https://www.amazon.in/HP-Upgradable-Office24-fb3123AX-Backlit/dp/B0G9239R5S/ref=sr_1_22?dib=eyJ2IjoiMSJ9.NpVVCmZ5m7ahqIg4h5xYDFVgNeeq0hJehXY-d-iAzLw2KhHaHJseM61d70xSc6viLWxrPPe-FWWWPqlr-wqKoMQJflBr3KFWqKSmvL7XC2-z-PE60UZG5A6rNKECed2oLrFdoeRd159lw-O4y0jLG98UifD9ssKvdrx-tPXRYYpBqp9_QDddytn68bMBaAfA2A4GFUsW9V9V1aLu4ds9I8XMfnYalz99eakYHaljAOk.ENbYu0mEk0m8-2Dtx34yNtrj6l70ZEeanVp_XuOod00&dib_tag=se&keywords=laptops&qid=1780645046,Organic,2
"ASUS Vivobook 15, Smartchoice,Intel Core i3 13th Gen 1315U, 12GB RAM, 512GB SSD, FHD 15.6"", Win 11, Office 2024, Quiet Blue, 1.7Kg, X1504VA-BQ332WS, Intel UHD iGPU, M365 Basic (1Year)*, 42Whrs Laptop",₹51990,4.3 out of 5 stars,https://m.media-amazon.com/images/I/61JUHhbEMxL._AC_UY218_.jpg,https://www.amazon.in/ASUS-Vivobook-Windows-Office-X1504VA-BQ332WS/dp/B0FKBM4SWJ/ref=sr_1_23?dib=eyJ2IjoiMSJ9.NpVVCmZ5m7ahqIg4h5xYDFVgNeeq0hJehXY-d-iAzLw2KhHaHJseM61d70xSc6viLWxrPPe-FWWWPqlr-wqKoMQJflBr3KFWqKSmvL7XC2-z-PE60UZG5A6rNKECed2oLrFdoeRd159lw-O4y0jLG98UifD9ssKvdrx-tPXRYYpBqp9_QDddytn68bMBaAfA2A4GFUsW9V9V1aLu4ds9I8XMfnYalz99eakYHaljAOk.ENbYu0mEk0m8-2Dtx34yNtrj6l70ZEeanVp_XuOod00&dib_tag=se&keywords=laptops&qid=1780645046,Organic,2
"Dell 15, Smart Choice AMD Ryzen 7-7730U, 16GB DDR4, 512GB SSD, FHD, 15.6""/39.6cm, Windows 11, Microsoft Office Home 2024, Silver, 1.63Kg, 120Hz 250nits, AMD Radeon Graphics, Thin & Light Laptop",₹58490,3.5 out of 5 stars,https://m.media-amazon.com/images/I/71M9t-wC2FL._AC_UY218_.jpg,https://www.amazon.in/Dell-15-Platinum-Graphics-Standard/dp/B0FDQ2R315/ref=sr_1_24?dib=eyJ2IjoiMSJ9.NpVVCmZ5m7ahqIg4h5xYDFVgNeeq0hJehXY-d-iAzLw2KhHaHJseM61d70xSc6viLWxrPPe-FWWWPqlr-wqKoMQJflBr3KFWqKSmvL7XC2-z-PE60UZG5A6rNKECed2oLrFdoeRd159lw-O4y0jLG98UifD9ssKvdrx-tPXRYYpBqp9_QDddytn68bMBaAfA2A4GFUsW9V9V1aLu4ds9I8XMfnYalz99eakYHaljAOk.ENbYu0mEk0m8-2Dtx34yNtrj6l70ZEeanVp_XuOod00&dib_tag=se&keywords=laptops&qid=1780645046,Organic,2
"HP Professional 15 (2026), Intel (i3 14th Gen) Core 3 100U - (16 GB/512 GB SSD/Intel UHD Graphics/Windows 11 Home) Thin & Light Business Laptop/15.6"" Display/Turbo Silver/Copilot Key/1.5kg/MS Office",₹52300,N/A,https://m.media-amazon.com/images/I/619floeDsCL._AC_UY218_.jpg,https://www.amazon.in/HP-Professional-15-Intel-14th/dp/B0GHSN1N24/ref=sr_1_25?dib=eyJ2IjoiMSJ9.NpVVCmZ5m7ahqIg4h5xYDFVgNeeq0hJehXY-d-iAzLw2KhHaHJseM61d70xSc6viLWxrPPe-FWWWPqlr-wqKoMQJflBr3KFWqKSmvL7XC2-z-PE60UZG5A6rNKECed2oLrFdoeRd159lw-O4y0jLG98UifD9ssKvdrx-tPXRYYpBqp9_QDddytn68bMBaAfA2A4GFUsW9V9V1aLu4ds9I8XMfnYalz99eakYHaljAOk.ENbYu0mEk0m8-2Dtx34yNtrj6l70ZEeanVp_XuOod00&dib_tag=se&keywords=laptops&qid=1780645046,Organic,2
"Lenovo IdeaPad Slim 3, AMD Ryzen 7 8840HS, 24GB RAM, 1TB SSD, WUXGA IPS, AI PC, 15.3""/38.8cm, Backlit Keyboard, Windows 11, Office Home 2024, Grey, 1.6Kg, 1Yr ADP Free, 83KA004TIN, AI Powered Laptop",₹81990,4.1 out of 5 stars,https://m.media-amazon.com/images/I/81qhEwftqEL._AC_UY218_.jpg,https://www.amazon.in/Lenovo-IdeaPad-Windows-Keyboard-83KA004TIN/dp/B0FCYB67QJ/ref=sr_1_26?dib=eyJ2IjoiMSJ9.NpVVCmZ5m7ahqIg4h5xYDFVgNeeq0hJehXY-d-iAzLw2KhHaHJseM61d70xSc6viLWxrPPe-FWWWPqlr-wqKoMQJflBr3KFWqKSmvL7XC2-z-PE60UZG5A6rNKECed2oLrFdoeRd159lw-O4y0jLG98UifD9ssKvdrx-tPXRYYpBqp9_QDddytn68bMBaAfA2A4GFUsW9V9V1aLu4ds9I8XMfnYalz99eakYHaljAOk.ENbYu0mEk0m8-2Dtx34yNtrj6l70ZEeanVp_XuOod00&dib_tag=se&keywords=laptops&qid=1780645046,Organic,2
"HP 15, Intel Core i3-1315U-13th Gen Laptop (8GB DDR4 Ram,512GB SSD) Anti-Glare, Micro-Edge,15.6'"" FHD, Win11,M365 Basic(1yr),Office Home24, Silver,1.59kg, FHD Camera Shutter, 15-fd0569TU",₹49490,4.0 out of 5 stars,https://m.media-amazon.com/images/I/61vulbzLZcL._AC_UY218_.jpg,https://www.amazon.in/HP-i3-1315U-13th-Anti-Glare-Micro-Edge-fd0569TU/dp/B0FKN7Z65N/ref=sr_1_27?dib=eyJ2IjoiMSJ9.NpVVCmZ5m7ahqIg4h5xYDFVgNeeq0hJehXY-d-iAzLw2KhHaHJseM61d70xSc6viLWxrPPe-FWWWPqlr-wqKoMQJflBr3KFWqKSmvL7XC2-z-PE60UZG5A6rNKECed2oLrFdoeRd159lw-O4y0jLG98UifD9ssKvdrx-tPXRYYpBqp9_QDddytn68bMBaAfA2A4GFUsW9V9V1aLu4ds9I8XMfnYalz99eakYHaljAOk.ENbYu0mEk0m8-2Dtx34yNtrj6l70ZEeanVp_XuOod00&dib_tag=se&keywords=laptops&qid=1780645046,Organic,2
"HP 14 Smartchoice, Intel Core Ultra 5 125H (24GB DDR5, 1TB SSD), Micro-Edge, Anti-Glare, FHD, 14''/35.6cm, Win11, M365* Office24, Silver, 1.4kg, ep1180TU, FHD Camera, Backlit Laptop",₹83490,3.8 out of 5 stars,https://m.media-amazon.com/images/I/71vhdLDaDQL._AC_UY218_.jpg,https://www.amazon.in/HP-Micro-Edge-Anti-Glare-Office24-ep1180TU/dp/B0G2BHDDB8/ref=sr_1_28?dib=eyJ2IjoiMSJ9.NpVVCmZ5m7ahqIg4h5xYDFVgNeeq0hJehXY-d-iAzLw2KhHaHJseM61d70xSc6viLWxrPPe-FWWWPqlr-wqKoMQJflBr3KFWqKSmvL7XC2-z-PE60UZG5A6rNKECed2oLrFdoeRd159lw-O4y0jLG98UifD9ssKvdrx-tPXRYYpBqp9_QDddytn68bMBaAfA2A4GFUsW9V9V1aLu4ds9I8XMfnYalz99eakYHaljAOk.ENbYu0mEk0m8-2Dtx34yNtrj6l70ZEeanVp_XuOod00&dib_tag=se&keywords=laptops&qid=1780645046,Organic,2
"BrowseBook 14.1"" FHD IPS Laptop | Best Student & Office Work Laptop | Celeron N4020 | 4GB RAM | 128GB SSD | Windows 11 | 38Wh | 1.3kg | Grey",₹20990,2.7 out of 5 stars,https://m.media-amazon.com/images/I/71h+7L8gcrL._AC_UY218_.jpg,https://www.amazon.in/Neopticon-BrowseBook-Student-Celeron-Windows/dp/B0FC64RYH1/ref=sr_1_29?dib=eyJ2IjoiMSJ9.NpVVCmZ5m7ahqIg4h5xYDFVgNeeq0hJehXY-d-iAzLw2KhHaHJseM61d70xSc6viLWxrPPe-FWWWPqlr-wqKoMQJflBr3KFWqKSmvL7XC2-z-PE60UZG5A6rNKECed2oLrFdoeRd159lw-O4y0jLG98UifD9ssKvdrx-tPXRYYpBqp9_QDddytn68bMBaAfA2A4GFUsW9V9V1aLu4ds9I8XMfnYalz99eakYHaljAOk.ENbYu0mEk0m8-2Dtx34yNtrj6l70ZEeanVp_XuOod00&dib_tag=se&keywords=laptops&qid=1780645046,Organic,2
"acer Aspire 3 Intel Pentium N100 Processor Laptop with 35.56 cm (14"") Full HD IPS Display (16 GB RAM/512 GB SSD/Intel Graphics/Win11 Home/WiFi 6/38Wh) A324-31, Steel Gray, 1.45KG",₹39990,3.5 out of 5 stars,https://m.media-amazon.com/images/I/71D5f6HJk2L._AC_UY218_.jpg,https://www.amazon.in/i3-N305-Processor-LED-Backlit-Graphics-A324-31/dp/B0DF2XJ2QB/ref=sr_1_30?dib=eyJ2IjoiMSJ9.NpVVCmZ5m7ahqIg4h5xYDFVgNeeq0hJehXY-d-iAzLw2KhHaHJseM61d70xSc6viLWxrPPe-FWWWPqlr-wqKoMQJflBr3KFWqKSmvL7XC2-z-PE60UZG5A6rNKECed2oLrFdoeRd159lw-O4y0jLG98UifD9ssKvdrx-tPXRYYpBqp9_QDddytn68bMBaAfA2A4GFUsW9V9V1aLu4ds9I8XMfnYalz99eakYHaljAOk.ENbYu0mEk0m8-2Dtx34yNtrj6l70ZEeanVp_XuOod00&dib_tag=se&keywords=laptops&qid=1780645046,Organic,2
"HP 15 Smartchoice, 13th Gen Intel Core i3-1315U(8GB DDR4,512GB SSD) FHD, Anti-Glare, Micro-Edge, 15.6''/39.6cm, Win11, M365(1yr)*Office24, Silver,1.59kg, fd0572TU, FHD Camera w/Shutter, Backlit Laptop",₹51990,4.1 out of 5 stars,https://m.media-amazon.com/images/I/61bWhgr-qgL._AC_UY218_.jpg,https://www.amazon.in/HP-i3-1315U-Anti-Glare-Micro-Edge-fd0572TU/dp/B0F4R6GXWJ/ref=sr_1_31?dib=eyJ2IjoiMSJ9.NpVVCmZ5m7ahqIg4h5xYDFVgNeeq0hJehXY-d-iAzLw2KhHaHJseM61d70xSc6viLWxrPPe-FWWWPqlr-wqKoMQJflBr3KFWqKSmvL7XC2-z-PE60UZG5A6rNKECed2oLrFdoeRd159lw-O4y0jLG98UifD9ssKvdrx-tPXRYYpBqp9_QDddytn68bMBaAfA2A4GFUsW9V9V1aLu4ds9I8XMfnYalz99eakYHaljAOk.ENbYu0mEk0m8-2Dtx34yNtrj6l70ZEeanVp_XuOod00&dib_tag=se&keywords=laptops&qid=1780645046,Organic,2
"ASUS Vivobook 16, Smartchoice, Intel Core Ultra 5 Series 2, 16GB RAM, 512GB SSD, FHD+ 16"", Windows 11, Office Home 2024, Silver, 1.88kg, X1607CA-MB142WS, Intel iGPU, M365 Basic (1Year)* Laptop",₹67990,4.4 out of 5 stars,https://m.media-amazon.com/images/I/714zVJcMt5L._AC_UY218_.jpg,https://www.amazon.in/ASUS-Vivobook-Backlit-Keyboard-X1607CA-MB142WS/dp/B0DT74FF9P/ref=sr_1_32?dib=eyJ2IjoiMSJ9.NpVVCmZ5m7ahqIg4h5xYDFVgNeeq0hJehXY-d-iAzLw2KhHaHJseM61d70xSc6viLWxrPPe-FWWWPqlr-wqKoMQJflBr3KFWqKSmvL7XC2-z-PE60UZG5A6rNKECed2oLrFdoeRd159lw-O4y0jLG98UifD9ssKvdrx-tPXRYYpBqp9_QDddytn68bMBaAfA2A4GFUsW9V9V1aLu4ds9I8XMfnYalz99eakYHaljAOk.ENbYu0mEk0m8-2Dtx34yNtrj6l70ZEeanVp_XuOod00&dib_tag=se&keywords=laptops&qid=1780645046,Organic,2
"Apple 2026 MacBook Air 13″ Laptop with M5 chip: AI and Apple Intelligence, 34.46 cm (13.6″) Liquid Retina Display, 16GB Unified Memory, 512GB SSD Storage, 12MP Center Stage Camera, Touch ID; Sky Blue",₹110300,4.9 out of 5 stars,https://m.media-amazon.com/images/I/71kKQjKzW1L._AC_UY218_.jpg,https://www.amazon.in/Apple-2026-MacBook-Laptop-chip/dp/B0GR1RQ144/ref=sr_1_33?dib=eyJ2IjoiMSJ9.xmbEtRhm3xZFsuYCSvAIOhMbwDuyymqVyyDBgn5D0-jHom4s2juSYUZABil4MEGONx9kyt-gMO22w13HRZMk0SidUWGsVlJVE3WfTVPbQZRtPmvP6u6RHr8NdmpoEowH0I4UV-Szt_3ePw0P0JSB6lAliNSy3vzBb7Lm0HRjbC6rE9bw3yW1Z0FibVJ2cNp2QbDMrX-vcHQU1X21Z5v9uFiM3QpeOQxvqU0z-sc5NiQ.YzuYbzDiJQotLG0Zy7stxpkGfwdRiRaEOyBpD9e_wUg&dib_tag=se&keywords=laptops&qid=1780645053,Organic,3
"DELL 14 (2025) Intel Core i3 11th Gen 1305U - (4 GB/512 GB SSD/Intel UHD Graphics/Windows 11 Pro) Thin and Light Business Laptop/14.0"" FHD+ IPS Display/Ice Blue/1.4 kg/MSO 2021/1 Year ADP Warranty",₹44600,3.7 out of 5 stars,https://m.media-amazon.com/images/I/81wyj7X9c-L._AC_UY218_.jpg,https://www.amazon.in/DELL-14-i3-Intel-Graphics/dp/B0FKM7KP3W/ref=sr_1_34?dib=eyJ2IjoiMSJ9.xmbEtRhm3xZFsuYCSvAIOhMbwDuyymqVyyDBgn5D0-jHom4s2juSYUZABil4MEGONx9kyt-gMO22w13HRZMk0SidUWGsVlJVE3WfTVPbQZRtPmvP6u6RHr8NdmpoEowH0I4UV-Szt_3ePw0P0JSB6lAliNSy3vzBb7Lm0HRjbC6rE9bw3yW1Z0FibVJ2cNp2QbDMrX-vcHQU1X21Z5v9uFiM3QpeOQxvqU0z-sc5NiQ.YzuYbzDiJQotLG0Zy7stxpkGfwdRiRaEOyBpD9e_wUg&dib_tag=se&keywords=laptops&qid=1780645053,Organic,3
"HP Smartchoice Victus, 13th Gen Intel Core i7-13620H, 8GB RTX 5050, 24GB DDR5(Upgradeable) 1TB SSD, 144Hz, FHD, 15.6''/39.6cm, Win11, M365* Office24, Mica Silver, 2.29kg, fa2309TX, RGB Gaming Laptop",₹119990,4.0 out of 5 stars,https://m.media-amazon.com/images/I/71HKFtogydL._AC_UY218_.jpg,https://www.amazon.in/HP-Smartchoice-i7-13620H-Upgradeable-Office24/dp/B0FDKPZHB7/ref=sr_1_35?dib=eyJ2IjoiMSJ9.xmbEtRhm3xZFsuYCSvAIOhMbwDuyymqVyyDBgn5D0-jHom4s2juSYUZABil4MEGONx9kyt-gMO22w13HRZMk0SidUWGsVlJVE3WfTVPbQZRtPmvP6u6RHr8NdmpoEowH0I4UV-Szt_3ePw0P0JSB6lAliNSy3vzBb7Lm0HRjbC6rE9bw3yW1Z0FibVJ2cNp2QbDMrX-vcHQU1X21Z5v9uFiM3QpeOQxvqU0z-sc5NiQ.YzuYbzDiJQotLG0Zy7stxpkGfwdRiRaEOyBpD9e_wUg&dib_tag=se&keywords=laptops&qid=1780645053,Organic,3
"HP Professional 15 (2026), Intel (i3 14th Gen) Core 3 100U - (8 GB/512 GB SSD/Intel UHD Graphics/Windows 11 Pro) Thin & Light Business Laptop/15.6"" Display/Turbo Silver/Copilot Key/1.5kg/MS Office",₹48902,N/A,https://m.media-amazon.com/images/I/71LFZxS09oL._AC_UY218_.jpg,https://www.amazon.in/HP-Professional-15-Intel-14th/dp/B0GY7VGHDQ/ref=sr_1_36?dib=eyJ2IjoiMSJ9.xmbEtRhm3xZFsuYCSvAIOhMbwDuyymqVyyDBgn5D0-jHom4s2juSYUZABil4MEGONx9kyt-gMO22w13HRZMk0SidUWGsVlJVE3WfTVPbQZRtPmvP6u6RHr8NdmpoEowH0I4UV-Szt_3ePw0P0JSB6lAliNSy3vzBb7Lm0HRjbC6rE9bw3yW1Z0FibVJ2cNp2QbDMrX-vcHQU1X21Z5v9uFiM3QpeOQxvqU0z-sc5NiQ.YzuYbzDiJQotLG0Zy7stxpkGfwdRiRaEOyBpD9e_wUg&dib_tag=se&keywords=laptops&qid=1780645053,Organic,3
"Lenovo IdeaPad Slim 3 13th Gen Intel Core i5-13420H 15.3""(38.8cm) WUXGA IPS Laptop(16GB RAM/512GB SSD/Win 11/Office Home 2024/Backlit/1Yr ADP Free/Top Metal Cover & IR Camera/Grey/1.6Kg), 83K100CGIN",₹68350,4.2 out of 5 stars,https://m.media-amazon.com/images/I/71Q6JmLZE7L._AC_UY218_.jpg,https://www.amazon.in/Lenovo-IdeaPad-i5-13420H-Backlit-83K100CGIN/dp/B0F637DPFW/ref=sr_1_37?dib=eyJ2IjoiMSJ9.xmbEtRhm3xZFsuYCSvAIOhMbwDuyymqVyyDBgn5D0-jHom4s2juSYUZABil4MEGONx9kyt-gMO22w13HRZMk0SidUWGsVlJVE3WfTVPbQZRtPmvP6u6RHr8NdmpoEowH0I4UV-Szt_3ePw0P0JSB6lAliNSy3vzBb7Lm0HRjbC6rE9bw3yW1Z0FibVJ2cNp2QbDMrX-vcHQU1X21Z5v9uFiM3QpeOQxvqU0z-sc5NiQ.YzuYbzDiJQotLG0Zy7stxpkGfwdRiRaEOyBpD9e_wUg&dib_tag=se&keywords=laptops&qid=1780645053,Organic,3
"ASUS Vivobook 15, 13th Gen, Intel Core i3-1315U, 16GB RAM, 512GB SSD, FHD, Anti-Glare, 15.6"", 39.6 cm, Windows 11 Home, M365 Basic(1yr)* Office24, Quiet Blue, 1.70 kg, X1504VA-BQ342WS, Laptop",₹54990,4.2 out of 5 stars,https://m.media-amazon.com/images/I/71OUu3JeNIL._AC_UY218_.jpg,https://www.amazon.in/ASUS-Vivobook-i3-1315U-Anti-Glare-X1504VA-BQ342WS/dp/B0G4QP6FXJ/ref=sr_1_38?dib=eyJ2IjoiMSJ9.xmbEtRhm3xZFsuYCSvAIOhMbwDuyymqVyyDBgn5D0-jHom4s2juSYUZABil4MEGONx9kyt-gMO22w13HRZMk0SidUWGsVlJVE3WfTVPbQZRtPmvP6u6RHr8NdmpoEowH0I4UV-Szt_3ePw0P0JSB6lAliNSy3vzBb7Lm0HRjbC6rE9bw3yW1Z0FibVJ2cNp2QbDMrX-vcHQU1X21Z5v9uFiM3QpeOQxvqU0z-sc5NiQ.YzuYbzDiJQotLG0Zy7stxpkGfwdRiRaEOyBpD9e_wUg&dib_tag=se&keywords=laptops&qid=1780645053,Organic,3
"HP Omnibook 3, Snapdragon X Processor, 45 TOPS (16GB LPDDR5x, 512GB SSD) 2K, WUXGA, IPS, 14''/35.6cm, Win 11, Office 24, Silver, 1.4kg, hz0026QU, FHD IR Camera, 42% Lighter mini GaN Charger, AI Laptop",₹73990,3.0 out of 5 stars,https://m.media-amazon.com/images/I/61JQ+09KcyL._AC_UY218_.jpg,https://www.amazon.in/HP-Omnibook-Snapdragon-Processor-hz0026QU/dp/B0GY8KNSFC/ref=sr_1_39?dib=eyJ2IjoiMSJ9.xmbEtRhm3xZFsuYCSvAIOhMbwDuyymqVyyDBgn5D0-jHom4s2juSYUZABil4MEGONx9kyt-gMO22w13HRZMk0SidUWGsVlJVE3WfTVPbQZRtPmvP6u6RHr8NdmpoEowH0I4UV-Szt_3ePw0P0JSB6lAliNSy3vzBb7Lm0HRjbC6rE9bw3yW1Z0FibVJ2cNp2QbDMrX-vcHQU1X21Z5v9uFiM3QpeOQxvqU0z-sc5NiQ.YzuYbzDiJQotLG0Zy7stxpkGfwdRiRaEOyBpD9e_wUg&dib_tag=se&keywords=laptops&qid=1780645053,Organic,3
"acer Aspire Lite, AMD Ryzen 3 5300U Processor, 16 GB RAM, 512GB SSD, Full HD, 15.6""/39.62cm, Windows 11 Home, Steel Gray, 1.59KG, AL15-41, Metal Body, Premium Thin and Light Laptop",₹49790,4.0 out of 5 stars,https://m.media-amazon.com/images/I/513p8BwV-RL._AC_UY218_.jpg,https://www.amazon.in/Acer-Premium-Windows-AL15-41-Display/dp/B0CWTYGPH8/ref=sr_1_40?dib=eyJ2IjoiMSJ9.xmbEtRhm3xZFsuYCSvAIOhMbwDuyymqVyyDBgn5D0-jHom4s2juSYUZABil4MEGONx9kyt-gMO22w13HRZMk0SidUWGsVlJVE3WfTVPbQZRtPmvP6u6RHr8NdmpoEowH0I4UV-Szt_3ePw0P0JSB6lAliNSy3vzBb7Lm0HRjbC6rE9bw3yW1Z0FibVJ2cNp2QbDMrX-vcHQU1X21Z5v9uFiM3QpeOQxvqU0z-sc5NiQ.YzuYbzDiJQotLG0Zy7stxpkGfwdRiRaEOyBpD9e_wUg&dib_tag=se&keywords=laptops&qid=1780645053,Organic,3
"Lenovo IdeaPad Slim 3, Intel Core i3 13th Gen 1315U, 8GB RAM, 512GB SSD, FHD 15.6""(39.6cm), Windows 11, Office 2024, Grey, 1.6Kg, 82X700G5IN, Alexa Built-in, 1Yr ADP Free, 3 Month Game Pass Laptop",₹47490,4.0 out of 5 stars,https://m.media-amazon.com/images/I/81Be1f26lVL._AC_UY218_.jpg,https://www.amazon.in/Lenovo-IdeaPad-39-6cm-Windows-82X700G5IN/dp/B0F8QFMXJ7/ref=sr_1_41?dib=eyJ2IjoiMSJ9.xmbEtRhm3xZFsuYCSvAIOhMbwDuyymqVyyDBgn5D0-jHom4s2juSYUZABil4MEGONx9kyt-gMO22w13HRZMk0SidUWGsVlJVE3WfTVPbQZRtPmvP6u6RHr8NdmpoEowH0I4UV-Szt_3ePw0P0JSB6lAliNSy3vzBb7Lm0HRjbC6rE9bw3yW1Z0FibVJ2cNp2QbDMrX-vcHQU1X21Z5v9uFiM3QpeOQxvqU0z-sc5NiQ.YzuYbzDiJQotLG0Zy7stxpkGfwdRiRaEOyBpD9e_wUg&dib_tag=se&keywords=laptops&qid=1780645053,Organic,3
"acer Aspire Lite, AMD Ryzen 5 7430U Processor,Office 2024 + M365 Basic, 16 GB RAM, 512 GB SSD, Full HD, 15.6""/39.62 cm, Windows 11 Home, Steel Grey, 1.59 kg, AL15-41, Thin and Light Laptop",₹47990,4.0 out of 5 stars,https://m.media-amazon.com/images/I/71CgSaE-qeL._AC_UY218_.jpg,https://www.amazon.in/acer-Aspire-Processor-Windows-AL15-41/dp/B0F8RCM49Y/ref=sr_1_42?dib=eyJ2IjoiMSJ9.xmbEtRhm3xZFsuYCSvAIOhMbwDuyymqVyyDBgn5D0-jHom4s2juSYUZABil4MEGONx9kyt-gMO22w13HRZMk0SidUWGsVlJVE3WfTVPbQZRtPmvP6u6RHr8NdmpoEowH0I4UV-Szt_3ePw0P0JSB6lAliNSy3vzBb7Lm0HRjbC6rE9bw3yW1Z0FibVJ2cNp2QbDMrX-vcHQU1X21Z5v9uFiM3QpeOQxvqU0z-sc5NiQ.YzuYbzDiJQotLG0Zy7stxpkGfwdRiRaEOyBpD9e_wUg&dib_tag=se&keywords=laptops&qid=1780645053,Organic,3
"HP 15 (2026) Business Laptop with Copilot Key – AMD Ryzen 3 7335U Quad Core, 8GB RAM, 512GB SSD, 15.6"" FHD Display, Windows 11 Pro, Thin & Light, Turbo Silver 1.5 Kg",₹44990,N/A,https://m.media-amazon.com/images/I/61uKJWnakCL._AC_UY218_.jpg,https://www.amazon.in/HP-Business-Laptop-Copilot-Key/dp/B0GP19BTVK/ref=sr_1_43?dib=eyJ2IjoiMSJ9.xmbEtRhm3xZFsuYCSvAIOhMbwDuyymqVyyDBgn5D0-jHom4s2juSYUZABil4MEGONx9kyt-gMO22w13HRZMk0SidUWGsVlJVE3WfTVPbQZRtPmvP6u6RHr8NdmpoEowH0I4UV-Szt_3ePw0P0JSB6lAliNSy3vzBb7Lm0HRjbC6rE9bw3yW1Z0FibVJ2cNp2QbDMrX-vcHQU1X21Z5v9uFiM3QpeOQxvqU0z-sc5NiQ.YzuYbzDiJQotLG0Zy7stxpkGfwdRiRaEOyBpD9e_wUg&dib_tag=se&keywords=laptops&qid=1780645053,Organic,3
"Dell 15, Intel Core i3 13th Gen -1305U, 16GB DDR4, 512GB SSD, FHD, 15.6""/39.6cm, Windows 11, Microsoft Office Home 2024, Carbon Grey, 1.66Kg, [Vostro 3530], Intel UHD Graphics, Thin & Light Laptop",₹49490,4.0 out of 5 stars,https://m.media-amazon.com/images/I/7156bBh8W2L._AC_UY218_.jpg,https://www.amazon.in/Dell-1305U-39-6cm-Windows-Graphics/dp/B0FG2RJ9NC/ref=sr_1_44?dib=eyJ2IjoiMSJ9.xmbEtRhm3xZFsuYCSvAIOhMbwDuyymqVyyDBgn5D0-jHom4s2juSYUZABil4MEGONx9kyt-gMO22w13HRZMk0SidUWGsVlJVE3WfTVPbQZRtPmvP6u6RHr8NdmpoEowH0I4UV-Szt_3ePw0P0JSB6lAliNSy3vzBb7Lm0HRjbC6rE9bw3yW1Z0FibVJ2cNp2QbDMrX-vcHQU1X21Z5v9uFiM3QpeOQxvqU0z-sc5NiQ.YzuYbzDiJQotLG0Zy7stxpkGfwdRiRaEOyBpD9e_wUg&dib_tag=se&keywords=laptops&qid=1780645053,Organic,3
"HP Pavilion Plus, Intel Core i5-1335U-13th Gen Laptop, (16GB LPDDR5x,512GB SSD),IPS, 300 nits, 14''(35.6cm) 2K,Win 11, M365 Basic(1yr), Office Home 24, Silver,1.38kg, 5MP Camera w/Shutter, ew0107TU",₹64490,3.7 out of 5 stars,https://m.media-amazon.com/images/I/61s8J1vGi0L._AC_UY218_.jpg,https://www.amazon.in/HP-Pavilion-i5-1335U-13th-LPDDR5x-ew0107TU/dp/B07FLHBMXY/ref=sr_1_45?dib=eyJ2IjoiMSJ9.xmbEtRhm3xZFsuYCSvAIOhMbwDuyymqVyyDBgn5D0-jHom4s2juSYUZABil4MEGONx9kyt-gMO22w13HRZMk0SidUWGsVlJVE3WfTVPbQZRtPmvP6u6RHr8NdmpoEowH0I4UV-Szt_3ePw0P0JSB6lAliNSy3vzBb7Lm0HRjbC6rE9bw3yW1Z0FibVJ2cNp2QbDMrX-vcHQU1X21Z5v9uFiM3QpeOQxvqU0z-sc5NiQ.YzuYbzDiJQotLG0Zy7stxpkGfwdRiRaEOyBpD9e_wUg&dib_tag=se&keywords=laptops&qid=1780645053,Organic,3
"ASUS Vivobook 15 (2025), 13th Gen,Intel Core i3-1315U, 8GB RAM, 512GB SSD, FHD, 15.6"", 39.6 cm, Windows 11 Home,M365 Basic(1 Year)* Office 2024,Cool Silver,1.7 Kg, X1504VA-D5321WS, Thin & Light Laptop",₹49990,4.4 out of 5 stars,https://m.media-amazon.com/images/I/71bIUPAleZL._AC_UY218_.jpg,https://www.amazon.in/ASUS-Vivobook-i3-1315U-Windows-X1504VA-D5321WS/dp/B0G92LZJD3/ref=sr_1_46?dib=eyJ2IjoiMSJ9.xmbEtRhm3xZFsuYCSvAIOhMbwDuyymqVyyDBgn5D0-jHom4s2juSYUZABil4MEGONx9kyt-gMO22w13HRZMk0SidUWGsVlJVE3WfTVPbQZRtPmvP6u6RHr8NdmpoEowH0I4UV-Szt_3ePw0P0JSB6lAliNSy3vzBb7Lm0HRjbC6rE9bw3yW1Z0FibVJ2cNp2QbDMrX-vcHQU1X21Z5v9uFiM3QpeOQxvqU0z-sc5NiQ.YzuYbzDiJQotLG0Zy7stxpkGfwdRiRaEOyBpD9e_wUg&dib_tag=se&keywords=laptops&qid=1780645053,Organic,3
"HP Smartchoice Victus, AMD Ryzen 7 7445HS, 6GB RTX 3050, 16GB DDR5(Upgradeable) 512GB SSD, FHD, 144Hz, 300 nits, 15.6''/39.6cm, Win 11, M365* Office24, Blue, 2.29kg, fb3134AX/3120ax, Gaming Laptop",₹79990,4.1 out of 5 stars,https://m.media-amazon.com/images/I/71o5eHSQiKL._AC_UY218_.jpg,https://www.amazon.in/HP-Smartchoice-Upgradeable-Office24-fb3134AX/dp/B0FDKPXD95/ref=sr_1_47?dib=eyJ2IjoiMSJ9.xmbEtRhm3xZFsuYCSvAIOhMbwDuyymqVyyDBgn5D0-jHom4s2juSYUZABil4MEGONx9kyt-gMO22w13HRZMk0SidUWGsVlJVE3WfTVPbQZRtPmvP6u6RHr8NdmpoEowH0I4UV-Szt_3ePw0P0JSB6lAliNSy3vzBb7Lm0HRjbC6rE9bw3yW1Z0FibVJ2cNp2QbDMrX-vcHQU1X21Z5v9uFiM3QpeOQxvqU0z-sc5NiQ.YzuYbzDiJQotLG0Zy7stxpkGfwdRiRaEOyBpD9e_wUg&dib_tag=se&keywords=laptops&qid=1780645053,Organic,3
𝗛𝗣𝗣𝗿𝗼𝗯𝗼𝗼𝗸Model 430 G3 Business Laptop | InteI i5 6th Gen | 8GB RAM | 256GB SSD | WiFi | Webcam | Win10 Pro | Pre Owned & Professionally Tested | Excellent Condition,₹22800,N/A,https://m.media-amazon.com/images/I/61eW+bmIh+L._AC_UY218_.jpg,https://www.amazon.in/%F0%9D%97%9B%F0%9D%97%A3%F0%9D%97%A3%F0%9D%97%BF%F0%9D%97%BC%F0%9D%97%AF%F0%9D%97%BC%F0%9D%97%BC%F0%9D%97%B8Model-Business-Professionally-Excellent-Condition/dp/B0H1W663BW/ref=sr_1_48?dib=eyJ2IjoiMSJ9.xmbEtRhm3xZFsuYCSvAIOhMbwDuyymqVyyDBgn5D0-jHom4s2juSYUZABil4MEGONx9kyt-gMO22w13HRZMk0SidUWGsVlJVE3WfTVPbQZRtPmvP6u6RHr8NdmpoEowH0I4UV-Szt_3ePw0P0JSB6lAliNSy3vzBb7Lm0HRjbC6rE9bw3yW1Z0FibVJ2cNp2QbDMrX-vcHQU1X21Z5v9uFiM3QpeOQxvqU0z-sc5NiQ.YzuYbzDiJQotLG0Zy7stxpkGfwdRiRaEOyBpD9e_wUg&dib_tag=se&keywords=laptops&qid=1780645053,Organic,3
